{"entities":{"pages":{"welcome":{"id":"welcome","title":"Bem-vindo ao Terminal Matrix 🤖","url":"welcome.html","level":0,"tabIndex":0},"basics":{"id":"basics","title":"Fundamentos do Bash: Seu Primeiro Jack-In 🔌","url":"basics.html","level":0,"pages":["what-is-bash","terminal-basics","first-commands","file-system"],"tabIndex":1},"what-is-bash":{"id":"what-is-bash","title":"O que é Bash: Sua Primeira Pílula Vermelha 💊","url":"what-is-bash.html","level":1,"parentId":"basics","tabIndex":0},"terminal-basics":{"id":"terminal-basics","title":"Básico do Terminal: Sua Interface com a Matrix 🖥️","url":"terminal-basics.html","level":1,"parentId":"basics","tabIndex":1},"first-commands":{"id":"first-commands","title":"Primeiros Comandos: Hackeando a Matrix 🚀","url":"first-commands.html","level":1,"parentId":"basics","tabIndex":2},"file-system":{"id":"file-system","title":"Sistema de Arquivos: Navegando na Matrix 📁","url":"file-system.html","level":1,"parentId":"basics","tabIndex":3},"essential-commands":{"id":"essential-commands","title":"Comandos Essenciais: Dominando as Ferramentas 🛠️","url":"essential-commands.html","level":0,"pages":["navigation-commands","file-operations","text-processing","system-info"],"tabIndex":2},"navigation-commands":{"id":"navigation-commands","title":"Comandos de Navegação: Movendo-se como um Ninja 🥷","url":"navigation-commands.html","level":1,"parentId":"essential-commands","pages":["basic-navigation","advanced-navigation","directory-stack","find-locate","wildcards-globbing","navigation-shortcuts","navigation-automation","navigation-troubleshooting"],"tabIndex":0},"basic-navigation":{"id":"basic-navigation","title":"Fundamentos da Navegação 🎯","url":"basic-navigation.html","level":2,"parentId":"navigation-commands","tabIndex":0},"advanced-navigation":{"id":"advanced-navigation","title":"Navegação Avançada 🚀","url":"advanced-navigation.html","level":2,"parentId":"navigation-commands","tabIndex":1},"directory-stack":{"id":"directory-stack","title":"Pilha de Diretórios 📚","url":"directory-stack.html","level":2,"parentId":"navigation-commands","tabIndex":2},"find-locate":{"id":"find-locate","title":"Find e Locate: Buscas Avançadas 🔍","url":"find-locate.html","level":2,"parentId":"navigation-commands","tabIndex":3},"wildcards-globbing":{"id":"wildcards-globbing","title":"Wildcards e Globbing: Dominando Padrões 🎯","url":"wildcards-globbing.html","level":2,"parentId":"navigation-commands","tabIndex":4},"navigation-shortcuts":{"id":"navigation-shortcuts","title":"Atalhos de Navegação: Velocidade Máxima ⚡","url":"navigation-shortcuts.html","level":2,"parentId":"navigation-commands","tabIndex":5},"navigation-automation":{"id":"navigation-automation","title":"Automação de Navegação: Poder Máximo 🤖","url":"navigation-automation.html","level":2,"parentId":"navigation-commands","tabIndex":6},"navigation-troubleshooting":{"id":"navigation-troubleshooting","title":"Troubleshooting de Navegação: Resolvendo Problemas 🔧","url":"navigation-troubleshooting.html","level":2,"parentId":"navigation-commands","tabIndex":7},"file-operations":{"id":"file-operations","level":1,"parentId":"essential-commands","tabIndex":1},"text-processing":{"id":"text-processing","level":1,"parentId":"essential-commands","tabIndex":2},"system-info":{"id":"system-info","level":1,"parentId":"essential-commands","tabIndex":3},"scripting":{"id":"scripting","level":0,"pages":["script-basics","variables-and-types","control-structures","functions"],"tabIndex":3},"script-basics":{"id":"script-basics","level":1,"parentId":"scripting","tabIndex":0},"variables-and-types":{"id":"variables-and-types","level":1,"parentId":"scripting","tabIndex":1},"control-structures":{"id":"control-structures","level":1,"parentId":"scripting","tabIndex":2},"functions":{"id":"functions","level":1,"parentId":"scripting","tabIndex":3},"system-admin":{"id":"system-admin","level":0,"pages":["user-management","process-control","system-monitoring","network-admin"],"tabIndex":4},"user-management":{"id":"user-management","level":1,"parentId":"system-admin","tabIndex":0},"process-control":{"id":"process-control","level":1,"parentId":"system-admin","tabIndex":1},"system-monitoring":{"id":"system-monitoring","level":1,"parentId":"system-admin","tabIndex":2},"network-admin":{"id":"network-admin","level":1,"parentId":"system-admin","tabIndex":3},"references":{"id":"references","level":0,"pages":["command-reference","script-templates","best-practices"],"tabIndex":5},"command-reference":{"id":"command-reference","level":1,"parentId":"references","tabIndex":0},"script-templates":{"id":"script-templates","level":1,"parentId":"references","tabIndex":1},"best-practices":{"id":"best-practices","level":1,"parentId":"references","tabIndex":2},"appendix":{"id":"appendix","level":0,"pages":["installation","configuration","troubleshooting","glossary"],"tabIndex":6},"installation":{"id":"installation","level":1,"parentId":"appendix","tabIndex":0},"configuration":{"id":"configuration","level":1,"parentId":"appendix","tabIndex":1},"troubleshooting":{"id":"troubleshooting","level":1,"parentId":"appendix","tabIndex":2},"glossary":{"id":"glossary","level":1,"parentId":"appendix","tabIndex":3},"exercises":{"id":"exercises","level":0,"pages":["basic-exercises","intermediate-exercises","advanced-exercises","projects"],"tabIndex":7},"basic-exercises":{"id":"basic-exercises","level":1,"parentId":"exercises","tabIndex":0},"intermediate-exercises":{"id":"intermediate-exercises","level":1,"parentId":"exercises","tabIndex":1},"advanced-exercises":{"id":"advanced-exercises","level":1,"parentId":"exercises","tabIndex":2},"projects":{"id":"projects","level":1,"parentId":"exercises","tabIndex":3}}},"topLevelIds":["welcome","basics","essential-commands","scripting","system-admin","references","appendix","exercises"]}