{"entities":{"pages":{"welcome":{"id":"welcome","title":"Bem-vindo ao Terminal Matrix","url":"welcome.html","level":0,"tabIndex":0},"basics":{"id":"basics","title":"Fundamentos do Bash: Seu Primeiro Jack-In","url":"basics.html","level":0,"pages":["what-is-bash","terminal-basics","first-commands","file-system"],"tabIndex":1},"what-is-bash":{"id":"what-is-bash","title":"O que é Bash: Sua Primeira Pílula Vermelha","url":"what-is-bash.html","level":1,"parentId":"basics","tabIndex":0},"terminal-basics":{"id":"terminal-basics","title":"Fundamentos do Terminal","url":"terminal-basics.html","level":1,"parentId":"basics","tabIndex":1},"first-commands":{"id":"first-commands","title":"Primeiros Comandos: Hackeando a Matrix","url":"first-commands.html","level":1,"parentId":"basics","tabIndex":2},"file-system":{"id":"file-system","title":"Sistema de Arquivos: Navegando na Matrix","url":"file-system.html","level":1,"parentId":"basics","tabIndex":3},"essential-commands":{"id":"essential-commands","title":"Comandos Essenciais","url":"essential-commands.html","level":0,"pages":["navigation-commands","file-operations","text-processing","system-info"],"tabIndex":2},"navigation-commands":{"id":"navigation-commands","title":"Comandos de Navegação","url":"navigation-commands.html","level":1,"parentId":"essential-commands","pages":["basic-navigation","advanced-navigation","directory-stack","find-locate","wildcards-globbing","navigation-shortcuts","navigation-automation","navigation-troubleshooting"],"tabIndex":0},"basic-navigation":{"id":"basic-navigation","title":"Fundamentos da Navegação","url":"basic-navigation.html","level":2,"parentId":"navigation-commands","tabIndex":0},"advanced-navigation":{"id":"advanced-navigation","title":"Navegação Avançada","url":"advanced-navigation.html","level":2,"parentId":"navigation-commands","tabIndex":1},"directory-stack":{"id":"directory-stack","title":"Pilha de Diretórios","url":"directory-stack.html","level":2,"parentId":"navigation-commands","tabIndex":2},"find-locate":{"id":"find-locate","title":"Find e Locate: Buscas Avançadas","url":"find-locate.html","level":2,"parentId":"navigation-commands","tabIndex":3},"wildcards-globbing":{"id":"wildcards-globbing","title":"Wildcards e Globbing: Dominando Padrões","url":"wildcards-globbing.html","level":2,"parentId":"navigation-commands","tabIndex":4},"navigation-shortcuts":{"id":"navigation-shortcuts","title":"Atalhos de Navegação","url":"navigation-shortcuts.html","level":2,"parentId":"navigation-commands","tabIndex":5},"navigation-automation":{"id":"navigation-automation","title":"Automação de Navegação","url":"navigation-automation.html","level":2,"parentId":"navigation-commands","tabIndex":6},"navigation-troubleshooting":{"id":"navigation-troubleshooting","title":"Resolução de Problemas de Navegação","url":"navigation-troubleshooting.html","level":2,"parentId":"navigation-commands","tabIndex":7},"file-operations":{"id":"file-operations","title":"Operações com Arquivos","url":"file-operations.html","level":1,"parentId":"essential-commands","pages":["basic-file-ops","advanced-file-ops","file-permissions","archive-compression","symlinks-hardlinks","file-monitoring","batch-operations","file-ops-troubleshooting"],"tabIndex":1},"basic-file-ops":{"id":"basic-file-ops","title":"Operações Básicas com Arquivos","url":"basic-file-ops.html","level":2,"parentId":"file-operations","tabIndex":0},"advanced-file-ops":{"id":"advanced-file-ops","title":"Operações Avançadas com Arquivos","url":"advanced-file-ops.html","level":2,"parentId":"file-operations","tabIndex":1},"file-permissions":{"id":"file-permissions","title":"Permissões de Arquivos","url":"file-permissions.html","level":2,"parentId":"file-operations","tabIndex":2},"archive-compression":{"id":"archive-compression","title":"Arquivamento e Compressão","url":"archive-compression.html","level":2,"parentId":"file-operations","tabIndex":3},"symlinks-hardlinks":{"id":"symlinks-hardlinks","title":"Links Simbólicos e Hardlinks: Conectando os Pontos 🔗","url":"symlinks-hardlinks.html","level":2,"parentId":"file-operations","tabIndex":4},"file-monitoring":{"id":"file-monitoring","title":"Monitoramento de Arquivos: Vigilância em Tempo Real 👀","url":"file-monitoring.html","level":2,"parentId":"file-operations","tabIndex":5},"batch-operations":{"id":"batch-operations","title":"Operações em Lote: Poder do Processamento em Massa 🚀","url":"batch-operations.html","level":2,"parentId":"file-operations","tabIndex":6},"file-ops-troubleshooting":{"id":"file-ops-troubleshooting","title":"Troubleshooting de Operações com Arquivos 🔧","url":"file-ops-troubleshooting.html","level":2,"parentId":"file-operations","tabIndex":7},"text-processing":{"id":"text-processing","title":"Processamento de Texto","url":"text-processing.html","level":1,"parentId":"essential-commands","pages":["grep-basics","sed-basics","awk-basics","text-filters","regular-expressions","text-manipulation","text-analysis","text-processing-automation","awk-advanced","sed-advanced"],"tabIndex":2},"grep-basics":{"id":"grep-basics","title":"Fundamentos do Grep","url":"grep-basics.html","level":2,"parentId":"text-processing","tabIndex":0},"sed-basics":{"id":"sed-basics","title":"Fundamentos do Sed","url":"sed-basics.html","level":2,"parentId":"text-processing","tabIndex":1},"awk-basics":{"id":"awk-basics","title":"Fundamentos do AWK","url":"awk-basics.html","level":2,"parentId":"text-processing","tabIndex":2},"text-filters":{"id":"text-filters","title":"Filtros de Texto","url":"text-filters.html","level":2,"parentId":"text-processing","tabIndex":3},"regular-expressions":{"id":"regular-expressions","title":"Expressões Regulares","url":"regular-expressions.html","level":2,"parentId":"text-processing","tabIndex":4},"text-manipulation":{"id":"text-manipulation","title":"Manipulação de Texto","url":"text-manipulation.html","level":2,"parentId":"text-processing","tabIndex":5},"text-analysis":{"id":"text-analysis","title":"Análise de Texto","url":"text-analysis.html","level":2,"parentId":"text-processing","tabIndex":6},"text-processing-automation":{"id":"text-processing-automation","title":"Automação de Processamento de Texto","url":"text-processing-automation.html","level":2,"parentId":"text-processing","tabIndex":7},"awk-advanced":{"id":"awk-advanced","title":"AWK Avançado 🚀","url":"awk-advanced.html","level":2,"parentId":"text-processing","tabIndex":8},"sed-advanced":{"id":"sed-advanced","title":"Sed Avançado","url":"sed-advanced.html","level":2,"parentId":"text-processing","tabIndex":9},"system-info":{"id":"system-info","title":"Informações do Sistema","url":"system-info.html","level":1,"parentId":"essential-commands","tabIndex":3},"scripting":{"id":"scripting","title":"Scripts e Automação: Dominando o Poder do Shell","url":"scripting.html","level":0,"pages":["script-basics","variables-and-types","control-structures","functions","script-automation","advanced-automation"],"tabIndex":3},"script-basics":{"id":"script-basics","title":"Fundamentos de Scripts: Primeiros Passos","url":"script-basics.html","level":1,"parentId":"scripting","tabIndex":0},"variables-and-types":{"id":"variables-and-types","title":"Variáveis e Tipos: Dominando os Dados","url":"variables-and-types.html","level":1,"parentId":"scripting","tabIndex":1},"control-structures":{"id":"control-structures","title":"Estruturas de Controle: Dominando o Fluxo","url":"control-structures.html","level":1,"parentId":"scripting","tabIndex":2},"functions":{"id":"functions","title":"Funções: Modularizando seu Código","url":"functions.html","level":1,"parentId":"scripting","tabIndex":3},"script-automation":{"id":"script-automation","title":"Automação de Scripts","url":"script-automation.html","level":1,"parentId":"scripting","tabIndex":4},"advanced-automation":{"id":"advanced-automation","title":"Automação Avançada","url":"advanced-automation.html","level":1,"parentId":"scripting","pages":["system-integration","text-automation","performance-automation","api-integration","workflow-orchestration"],"tabIndex":5},"system-integration":{"id":"system-integration","title":"Integração com Sistema","url":"system-integration.html","level":2,"parentId":"advanced-automation","tabIndex":0},"text-automation":{"id":"text-automation","title":"Automação de Texto 🤖","url":"text-automation.html","level":2,"parentId":"advanced-automation","tabIndex":1},"performance-automation":{"id":"performance-automation","title":"Automação de Performance","url":"performance-automation.html","level":2,"parentId":"advanced-automation","tabIndex":2},"api-integration":{"id":"api-integration","title":"Integração com APIs","url":"api-integration.html","level":2,"parentId":"advanced-automation","tabIndex":3},"workflow-orchestration":{"id":"workflow-orchestration","title":"Orquestração de Workflows","url":"workflow-orchestration.html","level":2,"parentId":"advanced-automation","tabIndex":4},"system-admin":{"id":"system-admin","title":"Administração do Sistema Linux","url":"system-admin.html","level":0,"pages":["user-management","process-control","system-monitoring","network-admin","system-security"],"tabIndex":4},"user-management":{"id":"user-management","title":"Gerenciamento de Usuários","url":"user-management.html","level":1,"parentId":"system-admin","tabIndex":0},"process-control":{"id":"process-control","title":"Controle de Processos","url":"process-control.html","level":1,"parentId":"system-admin","tabIndex":1},"system-monitoring":{"id":"system-monitoring","title":"Monitoramento de Sistema: Vigilância Contínua","url":"system-monitoring.html","level":1,"parentId":"system-admin","pages":["performance-tuning","capacity-planning","automation-strategies","advanced-monitoring"],"tabIndex":2},"performance-tuning":{"id":"performance-tuning","title":"Performance Tuning","url":"performance-tuning.html","level":2,"parentId":"system-monitoring","tabIndex":0},"capacity-planning":{"id":"capacity-planning","title":"Planejamento de Capacidade","url":"capacity-planning.html","level":2,"parentId":"system-monitoring","tabIndex":1},"automation-strategies":{"id":"automation-strategies","title":"Estratégias de Automação","url":"automation-strategies.html","level":2,"parentId":"system-monitoring","tabIndex":2},"advanced-monitoring":{"id":"advanced-monitoring","title":"Monitoramento Avançado","url":"advanced-monitoring.html","level":2,"parentId":"system-monitoring","tabIndex":3},"network-admin":{"id":"network-admin","title":"Administração de Rede","url":"network-admin.html","level":1,"parentId":"system-admin","tabIndex":3},"system-security":{"id":"system-security","title":"Segurança do Sistema","url":"system-security.html","level":1,"parentId":"system-admin","tabIndex":4},"processing":{"id":"processing","level":0,"pages":["distributed-processing","basic-ml"],"tabIndex":5},"distributed-processing":{"id":"distributed-processing","title":"Processamento Distribuído","url":"distributed-processing.html","level":1,"parentId":"processing","tabIndex":0},"basic-ml":{"id":"basic-ml","title":"Machine Learning Básico","url":"basic-ml.html","level":1,"parentId":"processing","tabIndex":1},"references":{"id":"references","title":"Referências e Recursos","url":"references.html","level":0,"pages":["command-reference","script-templates","best-practices"],"tabIndex":6},"command-reference":{"id":"command-reference","title":"Referência de Comandos","url":"command-reference.html","level":1,"parentId":"references","tabIndex":0},"script-templates":{"id":"script-templates","title":"Templates de Scripts","url":"script-templates.html","level":1,"parentId":"references","tabIndex":1},"best-practices":{"id":"best-practices","title":"Melhores Práticas","url":"best-practices.html","level":1,"parentId":"references","tabIndex":2},"appendix":{"id":"appendix","title":"Apêndices","url":"appendix.html","level":0,"pages":["installation","configuration","troubleshooting","glossary"],"tabIndex":7},"installation":{"id":"installation","title":"Instalação do Bash","url":"installation.html","level":1,"parentId":"appendix","tabIndex":0},"configuration":{"id":"configuration","title":"Configuração do Bash","url":"configuration.html","level":1,"parentId":"appendix","tabIndex":1},"troubleshooting":{"id":"troubleshooting","title":"Troubleshooting","url":"troubleshooting.html","level":1,"parentId":"appendix","tabIndex":2},"glossary":{"id":"glossary","title":"Glossário","url":"glossary.html","level":1,"parentId":"appendix","tabIndex":3},"exercises":{"id":"exercises","title":"Exercícios e Projetos","url":"exercises.html","level":0,"pages":["basic-exercises","intermediate-exercises","advanced-exercises","projects"],"tabIndex":8},"basic-exercises":{"id":"basic-exercises","title":"Exercícios Básicos","url":"basic-exercises.html","level":1,"parentId":"exercises","tabIndex":0},"intermediate-exercises":{"id":"intermediate-exercises","title":"Exercícios Intermediários","url":"intermediate-exercises.html","level":1,"parentId":"exercises","tabIndex":1},"advanced-exercises":{"id":"advanced-exercises","title":"Exercícios Avançados","url":"advanced-exercises.html","level":1,"parentId":"exercises","tabIndex":2},"projects":{"id":"projects","title":"Projetos Práticos","url":"projects.html","level":1,"parentId":"exercises","pages":["backup-system","backup-strategies","disaster-recovery","server-monitor","devops-automation","log-manager"],"tabIndex":3},"backup-system":{"id":"backup-system","title":"Sistema de Backup","url":"backup-system.html","level":2,"parentId":"projects","tabIndex":0},"backup-strategies":{"id":"backup-strategies","title":"Estratégias de Backup","url":"backup-strategies.html","level":2,"parentId":"projects","tabIndex":1},"disaster-recovery":{"id":"disaster-recovery","title":"Recuperação de Desastres","url":"disaster-recovery.html","level":2,"parentId":"projects","tabIndex":2},"server-monitor":{"id":"server-monitor","title":"Monitor de Servidor","url":"server-monitor.html","level":2,"parentId":"projects","tabIndex":3},"devops-automation":{"id":"devops-automation","title":"Automatização DevOps","url":"devops-automation.html","level":2,"parentId":"projects","tabIndex":4},"log-manager":{"id":"log-manager","title":"Gerenciador de Logs","url":"log-manager.html","level":2,"parentId":"projects","tabIndex":5}}},"topLevelIds":["welcome","basics","essential-commands","scripting","system-admin","processing","references","appendix","exercises"]}